seed,rho,rho_actual,policy,avg_waiting,avg_turnaround,avg_response,throughput,context_switches,wt_jain,slowdown_jain,miss_ratio
42,0.5,0.5,FCFS,99614.122,115594.122,99614.122,3.1269543464665416e-05,0,0.3805441869488009,0.3927898890331476,0.64
42,0.5,0.5,SJF,79114.122,95094.122,79114.122,3.1269543464665416e-05,500,0.301848452240241,0.3915420749627127,0.602
42,0.5,0.5,Round Robin,108469.002,124449.002,61.102,3.1269543464665416e-05,799000,0.3597353409039578,0.45389779450388457,0.732
42,0.5,0.5,Priority,116534.122,132514.122,116534.122,3.1269543464665416e-05,500,0.2046287274668273,0.2172806429384488,0.572
42,0.5,0.5,MLQ,108805.868,124785.868,91547.388,3.1269543464665416e-05,322409,0.31250309535754356,0.3235909128124011,0.628
42,0.5,0.5,MLFQ,99771.082,115751.082,13.248,3.1269543464665416e-05,1646,0.38075964955517017,0.3929082701961626,0.642
42,0.5,0.5,EDF,63596.82,79576.82,60296.82,3.1269543464665416e-05,536,0.32669484140237626,0.39758749294994084,0.568
42,0.5,0.5,CFS,108490.796,124470.796,26.64,3.1269543464665416e-05,1597730,0.35970374751886514,0.4538213864250471,0.732
42,0.7,0.699999982478098,FCFS,167385.884,183365.884,167385.884,4.3766411310081e-05,0,0.42719975970618873,0.42283906227037826,0.728
42,0.7,0.699999982478098,SJF,120065.884,136045.884,120065.884,4.3766411310081e-05,500,0.28772510779211485,0.38449392128508353,0.692
42,0.7,0.699999982478098,Round Robin,151904.944,167884.944,91.644,4.3766411310081e-05,799000,0.37174660108084057,0.48214991432840604,0.808
42,0.7,0.699999982478098,Priority,188005.884,203985.884,188005.884,4.3766411310081e-05,500,0.23453308299061398,0.23629881165727992,0.64
42,0.7,0.699999982478098,MLQ,181524.696,197504.696,159411.736,4.3766411310081e-05,322425,0.33210545253584906,0.32690031161670974,0.7
42,0.7,0.699999982478098,MLFQ,167630.204,183610.204,13.248,4.3766411310081e-05,1678,0.427354852009099,0.4229288378144338,0.728
42,0.7,0.699999982478098,EDF,109940.44,125920.44,106200.44,4.3766411310081e-05,534,0.3365061333996005,0.36353878890464325,0.656
42,0.7,0.699999982478098,CFS,151938.538,167918.538,37.88,4.3766411310081e-05,1597776,0.3717449845783736,0.4820606055654602,0.808
42,0.9,0.8999999774718404,FCFS,297544.29,313524.29,297544.29,5.6257030722414535e-05,0,0.6461608518072326,0.6186787606919854,0.9
42,0.9,0.8999999774718404,SJF,149184.29,165164.29,149184.29,5.6257030722414535e-05,500,0.33776940478388773,0.51517704568074,0.83
42,0.9,0.8999999774718404,Round Robin,258367.83,274347.83,164.07,5.6257030722414535e-05,799000,0.4587943589366066,0.6041645033673321,0.928
42,0.9,0.8999999774718404,Priority,341844.29,357824.29,341844.29,5.6257030722414535e-05,500,0.278432489309014,0.2724578454360515,0.746
42,0.9,0.8999999774718404,MLQ,313796.11,329776.11,288931.99,5.6257030722414535e-05,322471,0.4877318662250432,0.4694180890066622,0.84
42,0.9,0.8999999774718404,MLFQ,297999.09,313979.09,13.248,5.6257030722414535e-05,1747,0.646315160172317,0.6187824106811218,0.9
42,0.9,0.8999999774718404,EDF,214390.048,230370.048,210730.048,5.6257030722414535e-05,522,0.5101364759395569,0.5109105653837511,0.852
42,0.9,0.8999999774718404,CFS,258433.382,274413.382,50.98,5.6257030722414535e-05,1597880,0.45876292614205855,0.6040548994445564,0.928
42,1.2,1.2000000600750969,FCFS,1031058.25,1047038.25,1031058.25,6.235150987922264e-05,0,0.8798027504102364,0.8137518810652526,0.994
42,1.2,1.2000000600750969,SJF,235198.25,251178.25,235198.25,6.235150987922264e-05,500,0.11290186815014502,0.4778676835819414,0.882
42,1.2,1.2000000600750969,Round Robin,850979.67,866959.67,579.83,6.235150987922264e-05,799000,0.6026680718607688,0.9522725058887356,0.998
42,1.2,1.2000000600750969,Priority,1345818.25,1361798.25,1345818.25,6.235150987922264e-05,500,0.3308118893584303,0.3170026114179982,0.848
42,1.2,1.2000000600750969,MLQ,1114836.79,1130816.79,1084124.29,6.235150987922264e-05,322466,0.6618941686181518,0.6234456226880039,0.902
42,1.2,1.2000000600750969,MLFQ,1032576.97,1048556.97,13.248,6.235150987922264e-05,1773,0.8800596976393027,0.8139843238049667,0.994
42,1.2,1.2000000600750969,EDF,862992.088,878972.088,862732.088,6.235150987922264e-05,501,0.8604897909586289,0.8013445191868455,0.996
42,1.2,1.2000000600750969,CFS,851111.682,867091.682,95.23,6.235150987922264e-05,1597934,0.6025999372444859,0.9523149290798768,0.998
42,2.0,2.0,FCFS,2197714.826,2213694.826,2197714.826,6.247320680343218e-05,0,0.7861006536112997,0.7259435515332467,0.994
42,2.0,2.0,SJF,877174.826,893154.826,877174.826,6.247320680343218e-05,500,0.3059628071620329,0.6294587187784073,0.996
42,2.0,2.0,Round Robin,2347342.106,2363322.106,1655.686,6.247320680343218e-05,799000,0.8046446264720951,0.9030428592140672,0.998
42,2.0,2.0,Priority,2795654.826,2811634.826,2795654.826,6.247320680343218e-05,500,0.6076639383976303,0.577881826859949,0.958
42,2.0,2.0,MLQ,2390981.256,2406961.256,2321267.336,6.247320680343218e-05,322369,0.6892586709809073,0.6458619202187473,0.974
42,2.0,2.0,MLFQ,2200999.344,2216979.344,13.248,6.247320680343218e-05,1773,0.7867202250091708,0.726511284884144,0.994
42,2.0,2.0,EDF,1962410.566,1978390.566,1962110.566,6.247320680343218e-05,501,0.7845218637905302,0.7248556347064026,0.996
42,2.0,2.0,CFS,2348327.538,2364307.538,162.75,6.247320680343218e-05,1597942,0.8048486334151257,0.9032572262964585,0.998
42,5.0,5.0,FCFS,3248332.276,3264312.276,3248332.276,6.257822277847309e-05,0,0.7534427240865379,0.6954618777197583,0.994
42,5.0,5.0,SJF,1927792.276,1943772.276,1927792.276,6.257822277847309e-05,500,0.652428691955941,0.8126958149282933,0.996
42,5.0,5.0,Round Robin,4018810.256,4034790.256,2479.816,6.257822277847309e-05,799000,0.9497346025165309,0.9356491446043343,0.998
42,5.0,5.0,Priority,3825592.276,3841572.276,3825592.276,6.257822277847309e-05,500,0.7344487917520759,0.6900833444291085,0.99
42,5.0,5.0,MLQ,3432072.6,3448052.6,3114052.26,6.257822277847309e-05,322335,0.7577355820963054,0.6929361094606781,1.0
42,5.0,5.0,MLFQ,3253322.232,3269302.232,13.252,6.257822277847309e-05,1772,0.7544080480671678,0.6963447095297453,0.994
42,5.0,5.0,EDF,2909538.788,2925518.788,2908158.788,6.257822277847309e-05,501,0.7343313824666425,0.6755318701310667,0.996
42,5.0,5.0,CFS,4020921.878,4036901.878,214.58,6.257822277847309e-05,1597924,0.9500464723913739,0.9358856511405964,0.998
42,30.0,30.039852620497783,FCFS,3839612.22,3855592.22,3839612.22,6.257822277847309e-05,0,0.743483509791544,0.686150854969541,0.994
42,30.0,30.039852620497783,SJF,2492492.22,2508472.22,2492492.22,6.257822277847309e-05,500,0.7068401176289307,0.7711075506325348,0.996
42,30.0,30.039852620497783,Round Robin,5018772.46,5034752.46,2486.54,6.257822277847309e-05,799000,0.9865610416720485,0.9432169033744675,1.0
42,30.0,30.039852620497783,Priority,4413092.22,4429072.22,4413092.22,6.257822277847309e-05,500,0.776597973551769,0.7241838600142765,0.996
42,30.0,30.039852620497783,MLQ,4102859.62,4118839.62,3528360.42,6.257822277847309e-05,322335,0.8065817500513442,0.7398043748954669,1.0
42,30.0,30.039852620497783,MLFQ,3845444.422,3861424.422,13.484,6.257822277847309e-05,1768,0.7445983484350925,0.6871742243967842,0.994
42,30.0,30.039852620497783,EDF,2967090.72,2983070.72,2966790.72,6.257822277847309e-05,501,0.7189077141374153,0.6724726250618179,0.998
42,30.0,30.039852620497783,CFS,5020668.28,5036648.28,272.274,6.257822277847309e-05,1597752,0.9866296784869614,0.9432124585441971,1.0
43,0.5,0.5,FCFS,56509.06,70809.06,56509.06,3.4940600978336826e-05,0,0.3674479259900969,0.4543093455230938,0.616
43,0.5,0.5,SJF,46829.06,61129.06,46829.06,3.4940600978336826e-05,500,0.3149095625810801,0.4861873395903448,0.6
43,0.5,0.5,Round Robin,95390.76,109690.76,57.7,3.4940600978336826e-05,715000,0.4057625536248652,0.5049685271714928,0.758
43,0.5,0.5,Priority,61929.06,76229.06,61929.06,3.4940600978336826e-05,500,0.23390858469898176,0.2742608878915116,0.57
43,0.5,0.5,MLQ,70716.208,85016.208,50738.668,3.4940600978336826e-05,277419,0.2859684338332096,0.34231053416926244,0.622
43,0.5,0.5,MLFQ,56616.148,70916.148,16.176,3.4940600978336826e-05,1622,0.3679372798355289,0.45462992130468916,0.616
43,0.5,0.5,EDF,52621.144,66921.144,51321.144,3.4940600978336826e-05,524,0.3501063663713834,0.44426097328469255,0.588
43,0.5,0.5,CFS,95419.212,109719.212,35.12,3.4940600978336826e-05,1429712,0.4057604477605552,0.5048737352391723,0.758
43,0.7,0.699999980419581,FCFS,93442.562,107742.562,93442.562,4.887609899130484e-05,0,0.42024619968083365,0.466678588324035,0.736
43,0.7,0.699999980419581,SJF,64042.562,78342.562,64042.562,4.887609899130484e-05,500,0.27701211625684263,0.48706667715041513,0.68
43,0.7,0.699999980419581,Round Robin,137718.382,152018.382,87.422,4.887609899130484e-05,715000,0.43761922323594576,0.537297300754078,0.838
43,0.7,0.699999980419581,Priority,108182.562,122482.562,108182.562,4.887609899130484e-05,500,0.21274226991238537,0.22481163423423461,0.64
43,0.7,0.699999980419581,MLQ,114854.792,129154.792,91150.692,4.887609899130484e-05,277445,0.31203867766245263,0.32244493051638823,0.712
43,0.7,0.699999980419581,MLFQ,93605.57,107905.57,16.176,4.887609899130484e-05,1671,0.4206217532186731,0.4669638330882332,0.736
43,0.7,0.699999980419581,EDF,85356.29,99656.29,84216.29,4.887609899130484e-05,523,0.40609012964115876,0.46442076734035614,0.704
43,0.7,0.699999980419581,CFS,137761.196,152061.196,48.04,4.887609899130484e-05,1429780,0.4376091365682954,0.537171394971889,0.838
43,0.9,0.9000000503496531,FCFS,183833.544,198133.544,183833.544,6.277057255298966e-05,0,0.5981630942220557,0.5927887665476612,0.888
43,0.9,0.9000000503496531,SJF,104633.544,118933.544,104633.544,6.277057255298966e-05,500,0.25442813619770027,0.547060791331436,0.824
43,0.9,0.9000000503496531,Round Robin,252281.224,266581.224,170.184,6.277057255298966e-05,715000,0.5073673344853532,0.6451492754152459,0.948
43,0.9,0.9000000503496531,Priority,214733.544,229033.544,214733.544,6.277057255298966e-05,500,0.2426157159561869,0.24015996958371738,0.744
43,0.9,0.9000000503496531,MLQ,216898.976,231198.976,190344.136,6.277057255298966e-05,277478,0.4565585825553201,0.43850030904429915,0.816
43,0.9,0.9000000503496531,MLFQ,184143.096,198443.096,16.176,6.277057255298966e-05,1719,0.5984632703233257,0.5930242939406244,0.89
43,0.9,0.9000000503496531,EDF,169404.074,183704.074,168484.074,6.277057255298966e-05,513,0.5812492676302906,0.5878637123872813,0.882
43,0.9,0.9000000503496531,CFS,252383.954,266683.954,54.5,6.277057255298966e-05,1429860,0.5072810486295148,0.6450030960024827,0.948
43,1.2,1.200000067132871,FCFS,883194.466,897494.466,883194.466,6.993006993006993e-05,0,0.8295133684340712,0.7681001835337624,0.998
43,1.2,1.200000067132871,SJF,296294.466,310594.466,296294.466,6.993006993006993e-05,500,0.12313728062379178,0.42512907898920693,0.896
43,1.2,1.200000067132871,Round Robin,1024982.766,1039282.766,725.346,6.993006993006993e-05,715000,0.6663745277827603,0.9360255636258139,1.0
43,1.2,1.200000067132871,Priority,1100374.466,1114674.466,1100374.466,6.993006993006993e-05,500,0.30053114217044224,0.28643432783357553,0.85
43,1.2,1.200000067132871,MLQ,1021439.908,1035739.908,987223.808,6.993006993006993e-05,277469,0.6838443112415269,0.6406270589292491,0.908
43,1.2,1.200000067132871,MLFQ,884670.274,898970.274,16.176,6.993006993006993e-05,1749,0.8297076689001082,0.7682885306443691,0.998
43,1.2,1.200000067132871,EDF,858762.954,873062.954,858502.954,6.993006993006993e-05,501,0.8217575918800634,0.7616194110395339,0.998
43,1.2,1.200000067132871,CFS,1025306.614,1039606.614,106.06,6.993006993006993e-05,1429868,0.6662909409601397,0.9361208301764087,1.0
43,2.0,2.0,FCFS,1948228.688,1962528.688,1948228.688,6.993006993006993e-05,0,0.7599078026319908,0.6994485784765698,0.998
43,2.0,2.0,SJF,1040328.688,1054628.688,1040328.688,6.993006993006993e-05,500,0.40512393199230473,0.7647224605659797,0.998
43,2.0,2.0,Round Robin,2524599.428,2538899.428,1782.768,6.993006993006993e-05,715000,0.8300841913940484,0.8987443431223158,1.0
43,2.0,2.0,Priority,2277548.688,2291848.688,2277548.688,6.993006993006993e-05,500,0.5713472623166921,0.5397865293562494,0.936
43,2.0,2.0,MLQ,2210484.344,2224784.344,2153831.224,6.993006993006993e-05,277407,0.7082577380097802,0.6639956696469049,0.962
43,2.0,2.0,MLFQ,1951316.528,1965616.528,16.176,6.993006993006993e-05,1749,0.760502489102487,0.7000061031998129,0.998
43,2.0,2.0,EDF,1905097.424,1919397.424,1904777.424,6.993006993006993e-05,501,0.7513329718507854,0.6911579169973326,0.998
43,2.0,2.0,CFS,2525825.592,2540125.592,245.26,6.993006993006993e-05,1429892,0.8303264862478599,0.8989711156806616,1.0
43,5.0,5.0,FCFS,2906759.454,2921059.454,2906759.454,6.993006993006993e-05,0,0.7369076132723252,0.6772150460015981,0.998
43,5.0,5.0,SJF,1998859.454,2013159.454,1998859.454,6.993006993006993e-05,500,0.6692281614577195,0.816847881674708,0.998
43,5.0,5.0,Round Robin,4109980.554,4124280.554,2489.814,6.993006993006993e-05,715000,0.957731960733227,0.9407592393738387,1.0
43,5.0,5.0,Priority,3280819.454,3295119.454,3280819.454,6.993006993006993e-05,500,0.734549999959607,0.6874580195139602,0.996
43,5.0,5.0,MLQ,3243587.974,3257887.974,2999655.394,6.993006993006993e-05,277354,0.7798646072736024,0.7178896608853128,1.0
43,5.0,5.0,MLFQ,2911493.502,2925793.502,16.176,6.993006993006993e-05,1749,0.7379018438525714,0.6781380174786722,0.998
43,5.0,5.0,EDF,2800326.278,2814626.278,2798946.278,6.993006993006993e-05,501,0.7235461543338554,0.6644576602741631,0.998
43,5.0,5.0,CFS,4112206.904,4126506.904,346.738,6.993006993006993e-05,1429880,0.9580337521628783,0.940979470028487,1.0
43,30.0,27.04031465093412,FCFS,3427619.294,3441919.294,3427619.294,6.993006993006993e-05,0,0.7295796396015729,0.6701561923771018,0.998
43,30.0,27.04031465093412,SJF,2519719.294,2534019.294,2519719.294,6.993006993006993e-05,500,0.7146690684997238,0.7827772063396775,0.998
43,30.0,27.04031465093412,Round Robin,5014861.034,5029161.034,2486.334,6.993006993006993e-05,715000,0.9875475390767354,0.945983567825483,1.0
43,30.0,27.04031465093412,Priority,3801739.294,3816039.294,3801739.294,6.993006993006993e-05,500,0.7776322267728255,0.7237797766589729,0.998
43,30.0,27.04031465093412,MLQ,3832088.834,3846388.834,3392960.734,6.993006993006993e-05,277354,0.8172839753715401,0.752937070940805,1.0
43,30.0,27.04031465093412,MLFQ,3433433.45,3447733.45,16.216,6.993006993006993e-05,1748,0.7308459645354723,0.6713560620395149,0.998
43,30.0,27.04031465093412,EDF,2927974.234,2942274.234,2924134.234,6.993006993006993e-05,501,0.7117389547264943,0.6660473272329169,0.998
43,30.0,27.04031465093412,CFS,5016907.27,5031207.27,326.338,6.993006993006993e-05,1429702,0.9876184504924239,0.9459728641127996,1.0
44,0.5,0.5,FCFS,147292.314,163552.314,147292.314,3.064070198093364e-05,0,0.23996007411916517,0.24753435514432034,0.606
44,0.5,0.5,SJF,62012.314,78272.314,62012.314,3.064070198093364e-05,500,0.20021181518165634,0.3831614782013524,0.588
44,0.5,0.5,Round Robin,90442.714,106702.714,51.614,3.064070198093364e-05,813000,0.24079270464389319,0.4906849095213959,0.75
44,0.5,0.5,Priority,137352.314,153612.314,137352.314,3.064070198093364e-05,500,0.16489150751777398,0.17028792329813633,0.57
44,0.5,0.5,MLQ,138767.606,155027.606,116191.766,3.064070198093364e-05,350403,0.19532238224144008,0.20128511046333364,0.598
44,0.5,0.5,MLFQ,147467.994,163727.994,13.536,3.064070198093364e-05,1636,0.2400450150665452,0.24758399985499235,0.606
44,0.5,0.5,EDF,86812.018,103072.018,85092.018,3.064070198093364e-05,530,0.19501969875086705,0.22572042588204333,0.542
44,0.5,0.5,CFS,90449.408,106709.408,31.66,3.064070198093364e-05,1625728,0.24080888199336709,0.49069292814597704,0.75
44,0.7,0.6999999827798282,FCFS,235501.372,251761.372,235501.372,4.2833985580709765e-05,0,0.3334971230558943,0.3249779433281675,0.732
44,0.7,0.6999999827798282,SJF,85081.372,101341.372,85081.372,4.2833985580709765e-05,500,0.23388272823659484,0.4612386467183835,0.706
44,0.7,0.6999999827798282,Round Robin,131931.332,148191.332,77.632,4.2833985580709765e-05,813000,0.25045444634860975,0.5134999179830356,0.844
44,0.7,0.6999999827798282,Priority,254541.372,270801.372,254541.372,4.2833985580709765e-05,500,0.14985296841310344,0.14553862918553215,0.658
44,0.7,0.6999999827798282,MLQ,216583.634,232843.634,191635.494,4.2833985580709765e-05,350429,0.26622504897184046,0.25962962454914496,0.694
44,0.7,0.6999999827798282,MLFQ,235786.252,252046.252,13.536,4.2833985580709765e-05,1682,0.3335755942857269,0.325021251040606,0.732
44,0.7,0.6999999827798282,EDF,135713.516,151973.516,133393.516,4.2833985580709765e-05,534,0.2657189661228932,0.27651347087293704,0.674
44,0.7,0.6999999827798282,CFS,131947.782,148207.782,33.764,4.2833985580709765e-05,1625778,0.25047218402422977,0.5134420926369814,0.844
44,0.9,0.9000000332103333,FCFS,554728.82,570988.82,554728.82,5.48842299495559e-05,0,0.677058799810346,0.625301198366873,0.916
44,0.9,0.9000000332103333,SJF,158008.82,174268.82,158008.82,5.48842299495559e-05,500,0.19299571628636208,0.571691242630302,0.848
44,0.9,0.9000000332103333,Round Robin,281924.8,298184.8,173.42,5.48842299495559e-05,813000,0.32657989320161795,0.6894763009822964,0.95
44,0.9,0.9000000332103333,Priority,706768.82,723028.82,706768.82,5.48842299495559e-05,500,0.2204849526976439,0.2094413933342353,0.764
44,0.9,0.9000000332103333,MLQ,586494.904,602754.904,556287.424,5.48842299495559e-05,350454,0.4609130009360789,0.4344697953757184,0.828
44,0.9,0.9000000332103333,MLFQ,555470.564,571730.564,13.536,5.48842299495559e-05,1735,0.6771439257672774,0.625360517220829,0.916
44,0.9,0.9000000332103333,EDF,400711.828,416971.828,400111.828,5.48842299495559e-05,506,0.6489578097329158,0.6191569979833239,0.914
44,0.9,0.9000000332103333,CFS,281963.694,298223.694,61.408,5.48842299495559e-05,1625832,0.32654866694089846,0.6893634802656676,0.95
44,1.2,1.2,FCFS,1475933.89,1492193.89,1475933.89,6.150061500615006e-05,0,0.9379339055997707,0.8740125509325736,0.998
44,1.2,1.2,SJF,207913.89,224173.89,207913.89,6.150061500615006e-05,500,0.08118154747455172,0.5745591438460447,0.912
44,1.2,1.2,Round Robin,839997.19,856257.19,559.99,6.150061500615006e-05,813000,0.5096751282141463,0.9362712938031147,1.0
44,1.2,1.2,Priority,1710273.89,1726533.89,1710273.89,6.150061500615006e-05,500,0.44032009764939306,0.41358752462701953,0.904
44,1.2,1.2,MLQ,1509678.106,1525938.106,1470818.926,6.150061500615006e-05,350443,0.6535252962159818,0.6174978004071859,0.918
44,1.2,1.2,MLFQ,1478144.722,1494404.722,13.536,6.150061500615006e-05,1761,0.9379555020351695,0.8740307974505235,0.998
44,1.2,1.2,EDF,1275715.116,1291975.116,1275355.116,6.150061500615006e-05,502,0.8520571163320658,0.7908561862528725,0.998
44,1.2,1.2,CFS,839998.802,856258.802,89.77,6.150061500615006e-05,1625890,0.5096038577988222,0.9363091045965075,1.0
44,2.0,2.0,FCFS,2704536.34,2720796.34,2704536.34,6.150061500615006e-05,0,0.861536082237829,0.8007775560813364,0.998
44,2.0,2.0,SJF,795476.34,811736.34,795476.34,6.150061500615006e-05,500,0.2582353122919814,0.5133967577912719,0.996
44,2.0,2.0,Round Robin,2272675.12,2288935.12,1575.26,6.150061500615006e-05,813000,0.7779538363198305,0.894552991911762,1.0
44,2.0,2.0,Priority,2887316.34,2903576.34,2887316.34,6.150061500615006e-05,500,0.6320002797280349,0.5960890005274406,0.966
44,2.0,2.0,MLQ,2739814.924,2756074.924,2652937.204,6.150061500615006e-05,350364,0.6947554877149357,0.6484232845681456,0.98
44,2.0,2.0,MLFQ,2708449.556,2724709.556,13.536,6.150061500615006e-05,1761,0.8619783733050055,0.8011903290599588,0.998
44,2.0,2.0,EDF,2371781.088,2388041.088,2371421.088,6.150061500615006e-05,502,0.7746673482020457,0.7134584788205156,0.998
44,2.0,2.0,CFS,2273400.634,2289660.634,158.554,6.150061500615006e-05,1625886,0.7781261945598494,0.8947630926015162,1.0
44,5.0,5.0,FCFS,3810278.538,3826538.538,3810278.538,6.150061500615006e-05,0,0.8169857204179581,0.758207352668436,0.998
44,5.0,5.0,SJF,1901218.538,1917478.538,1901218.538,6.150061500615006e-05,500,0.6448351246750836,0.8166109486316921,0.998
44,5.0,5.0,Round Robin,3976027.458,3992287.458,2489.518,6.150061500615006e-05,813000,0.9455111789964364,0.935881297326199,1.0
44,5.0,5.0,Priority,3900378.538,3916638.538,3900378.538,6.150061500615006e-05,500,0.735513130443314,0.6886265213546009,0.998
44,5.0,5.0,MLQ,3761464.958,3777724.958,3442919.098,6.150061500615006e-05,350329,0.7488737784005027,0.6869293451384327,1.0
44,5.0,5.0,MLFQ,3815687.514,3831947.514,13.54,6.150061500615006e-05,1759,0.8177992808057263,0.7589659121488139,0.998
44,5.0,5.0,EDF,3118346.362,3134606.362,3117626.362,6.150061500615006e-05,502,0.7350978798849871,0.6758160122011229,0.998
44,5.0,5.0,CFS,3978121.266,3994381.266,242.222,6.150061500615006e-05,1625872,0.9458585959088366,0.9361520092277487,1.0
44,30.0,30.604178430265385,FCFS,4427005.226,4443265.226,4427005.226,6.150061500615006e-05,0,0.8005375477273023,0.7425101850931803,0.998
44,30.0,30.604178430265385,SJF,2517945.226,2534205.226,2517945.226,6.150061500615006e-05,500,0.7123498546151874,0.7785336932589524,0.998
44,30.0,30.604178430265385,Round Robin,5017673.686,5033933.686,2486.446,6.150061500615006e-05,813000,0.9865841045046433,0.9441796893317043,1.0
44,30.0,30.604178430265385,Priority,4516685.226,4532945.226,4516685.226,6.150061500615006e-05,500,0.7755122525832155,0.7214351509420784,0.998
44,30.0,30.604178430265385,MLQ,4468917.506,4485177.506,3876314.226,6.150061500615006e-05,350329,0.8009441391498369,0.7365807151291903,1.0
44,30.0,30.604178430265385,MLFQ,4432815.578,4449075.578,14.002,6.150061500615006e-05,1755,0.8014003380424025,0.7433042897132617,0.998
44,30.0,30.604178430265385,EDF,2937067.366,2953327.366,2934867.366,6.150061500615006e-05,502,0.7107480950381745,0.6630436522830719,0.998
44,30.0,30.604178430265385,CFS,5019531.584,5035791.584,441.414,6.150061500615006e-05,1625724,0.9866536597622116,0.9441701450807937,1.0
45,0.5,0.5,FCFS,76368.748,92208.748,76368.748,3.1525851197982345e-05,0,0.3378263594247712,0.36252801975500915,0.606
45,0.5,0.5,SJF,46128.748,61968.748,46128.748,3.1525851197982345e-05,500,0.2118356979916881,0.5637576295746549,0.59
45,0.5,0.5,Round Robin,103041.268,118881.268,57.788,3.1525851197982345e-05,792000,0.32888386647239015,0.49754227624343267,0.742
45,0.5,0.5,Priority,89608.748,105448.748,89608.748,3.1525851197982345e-05,500,0.17391829397269998,0.18700079402164768,0.556
45,0.5,0.5,MLQ,85307.774,101147.774,69440.094,3.1525851197982345e-05,347397,0.2811474249445494,0.294481991782743,0.616
45,0.5,0.5,MLFQ,76493.692,92333.692,13.68,3.1525851197982345e-05,1644,0.3380778100292854,0.36269747369625355,0.606
45,0.5,0.5,EDF,66402.818,82242.818,64702.818,3.1525851197982345e-05,529,0.3044191429792451,0.33478293023502315,0.574
45,0.5,0.5,CFS,103057.988,118897.988,29.24,3.1525851197982345e-05,1583728,0.3288649185102638,0.4975813546521924,0.742
45,0.7,0.6999999823232328,FCFS,138364.244,154204.244,138364.244,4.411393889301894e-05,0,0.3792917756122087,0.3779415468469984,0.752
45,0.7,0.6999999823232328,SJF,70844.244,86684.244,70844.244,4.411393889301894e-05,500,0.1795237991888063,0.5767103662397155,0.724
45,0.7,0.6999999823232328,Round Robin,163065.484,178905.484,92.324,4.411393889301894e-05,792000,0.32845894686736476,0.5613338623840587,0.854
45,0.7,0.6999999823232328,Priority,155564.244,171404.244,155564.244,4.411393889301894e-05,500,0.19807981491237275,0.19647474886181704,0.652
45,0.7,0.6999999823232328,MLQ,155648.908,171488.908,136465.468,4.411393889301894e-05,347424,0.29363285045399573,0.2866450588250915,0.73
45,0.7,0.6999999823232328,MLFQ,138576.884,154416.884,13.68,4.411393889301894e-05,1691,0.37948622641228996,0.3780752043103881,0.752
45,0.7,0.6999999823232328,EDF,121699.51,137539.51,119659.51,4.411393889301894e-05,529,0.3399084095265153,0.34128721709573595,0.718
45,0.7,0.6999999823232328,CFS,163091.394,178931.394,38.3,4.411393889301894e-05,1583800,0.3284451908328533,0.5613665704134582,0.854
45,0.9,0.9,FCFS,368945.282,384785.282,368945.282,5.668934240362812e-05,0,0.7472207456167614,0.6934655905671091,0.92
45,0.9,0.9,SJF,129845.282,145685.282,129845.282,5.668934240362812e-05,500,0.11294447491148106,0.5630676318374273,0.83
45,0.9,0.9,Round Robin,388030.722,403870.722,232.842,5.668934240362812e-05,792000,0.45836149550419036,0.8023017230152983,0.942
45,0.9,0.9,Priority,454785.282,470625.282,454785.282,5.668934240362812e-05,500,0.25091913778619823,0.23721219075954955,0.74
45,0.9,0.9,MLQ,442584.908,458424.908,417592.108,5.668934240362812e-05,347454,0.5148823489550184,0.4829697360508851,0.842
45,0.9,0.9,MLFQ,369511.73,385351.73,13.68,5.668934240362812e-05,1747,0.7473336103965182,0.6935394782839241,0.92
45,0.9,0.9,EDF,334474.604,350314.604,333014.604,5.668934240362812e-05,512,0.7124907723663036,0.6691573585668462,0.904
45,0.9,0.9,CFS,388066.042,403906.042,52.38,5.668934240362812e-05,1583866,0.4582135715872279,0.8023010562693649,0.942
45,1.2,1.2,FCFS,1242668.256,1258508.256,1242668.256,6.290322540062436e-05,0,0.890869308124077,0.8174726640225012,0.992
45,1.2,1.2,SJF,320748.256,336588.256,320748.256,6.290322540062436e-05,500,0.09095395046578642,0.360791793749725,0.894
45,1.2,1.2,Round Robin,1293634.196,1309474.196,853.416,6.290322540062436e-05,792000,0.5989010222680623,0.9161317542438566,0.994
45,1.2,1.2,Priority,1600468.256,1616308.256,1600468.256,6.290322540062436e-05,500,0.39576295092276537,0.37543536218643825,0.868
45,1.2,1.2,MLQ,1460675.586,1476515.586,1427543.686,6.290322540062436e-05,347438,0.6241023871296999,0.5882463243082559,0.906
45,1.2,1.2,MLFQ,1244562.696,1260402.696,13.68,6.290322540062436e-05,1767,0.8910305089410129,0.8176171992082621,0.992
45,1.2,1.2,EDF,1177352.45,1193192.45,1177132.45,6.290322540062436e-05,501,0.8700471699302045,0.7967833064905419,0.99
45,1.2,1.2,CFS,1293783.054,1309623.054,96.7,6.290322540062436e-05,1583902,0.5987146638414957,0.916222713557816,0.994
45,2.0,2.0,FCFS,2362537.196,2378377.196,2362537.196,6.302602306676813e-05,0,0.8085758356426592,0.7415145758144425,0.992
45,2.0,2.0,SJF,957957.196,973797.196,957957.196,6.302602306676813e-05,500,0.29418565174535005,0.6439217832899479,0.99
45,2.0,2.0,Round Robin,2650660.636,2666500.636,1791.636,6.302602306676813e-05,792000,0.7902309659908296,0.8892025054661751,0.998
45,2.0,2.0,Priority,2779417.196,2795257.196,2779417.196,6.302602306676813e-05,500,0.590813296203082,0.5564541053713438,0.928
45,2.0,2.0,MLQ,2652107.824,2667947.824,2590973.664,6.302602306676813e-05,347349,0.6633857245920216,0.6190788894889323,0.952
45,2.0,2.0,MLFQ,2366117.268,2381957.268,13.68,6.302602306676813e-05,1767,0.8091653406266219,0.7420494323212183,0.992
45,2.0,2.0,EDF,2252237.196,2268077.196,2252237.196,6.302602306676813e-05,500,0.79081649807699,0.7219313404173077,0.992
45,2.0,2.0,CFS,2651456.48,2667296.48,145.492,6.302602306676813e-05,1583906,0.7904192805861332,0.8893890825496314,0.998
45,5.0,5.0,FCFS,3371125.062,3386965.062,3371125.062,6.313131313131313e-05,0,0.7744804751374568,0.7101827572777223,0.992
45,5.0,5.0,SJF,1966545.062,1982385.062,1966545.062,6.313131313131313e-05,500,0.6218350589038734,0.8046637215909067,0.994
45,5.0,5.0,Round Robin,4181681.102,4197521.102,2473.022,6.313131313131313e-05,792000,0.9395864003168668,0.9282855845190096,0.998
45,5.0,5.0,Priority,3784125.062,3799965.062,3784125.062,6.313131313131313e-05,500,0.7270856405927482,0.6710662566344006,0.992
45,5.0,5.0,MLQ,3653090.462,3668930.462,3244076.102,6.313131313131313e-05,347321,0.7632809630214116,0.6845887424604337,1.0
45,5.0,5.0,MLFQ,3376280.406,3392120.406,13.746,6.313131313131313e-05,1767,0.7754216314412714,0.7110326485447633,0.992
45,5.0,5.0,EDF,3161625.062,3177465.062,3161625.062,6.313131313131313e-05,500,0.7482953905333944,0.6817691611561721,0.994
45,5.0,5.0,CFS,4183644.886,4199484.886,186.87,6.313131313131313e-05,1583906,0.9398914697979973,0.9285096234699692,0.998
45,30.0,29.783393501805055,FCFS,3937961.818,3953801.818,3937961.818,6.313131313131313e-05,0,0.76333960744672,0.6999305886102715,0.994
45,30.0,29.783393501805055,SJF,2533381.818,2549221.818,2533381.818,6.313131313131313e-05,500,0.6939101252162058,0.7705460702233179,0.996
45,30.0,29.783393501805055,Round Robin,5106257.818,5122097.818,2486.338,6.313131313131313e-05,792000,0.980100211577766,0.9361808967385393,1.0
45,30.0,29.783393501805055,Priority,4349821.818,4365661.818,4349821.818,6.313131313131313e-05,500,0.7737972993197049,0.7085165638423113,0.994
45,30.0,29.783393501805055,MLQ,4302619.858,4318459.858,3605553.038,6.313131313131313e-05,347321,0.8200771562691803,0.7382067095253635,1.0
45,30.0,29.783393501805055,MLFQ,3943799.52,3959639.52,13.866,6.313131313131313e-05,1765,0.7643958745418434,0.7008721372483808,0.994
45,30.0,29.783393501805055,EDF,3107710.884,3123550.884,3107650.884,6.313131313131313e-05,502,0.7024185265960797,0.6488011974870667,0.998
45,30.0,29.783393501805055,CFS,5107872.346,5123712.346,509.76,6.313131313131313e-05,1583688,0.9801739251117796,0.9361759708866387,1.0
46,0.5,0.5,FCFS,62951.706,77231.706,62951.706,3.497473984389515e-05,0,0.3977060354310426,0.4395445933165693,0.642
46,0.5,0.5,SJF,52571.706,66851.706,52571.706,3.497473984389515e-05,500,0.35384322951739244,0.4693952512228938,0.626
46,0.5,0.5,Round Robin,84306.006,98586.006,47.246,3.497473984389515e-05,714000,0.4940274628098095,0.5693706367196032,0.808
46,0.5,0.5,Priority,68571.706,82851.706,68571.706,3.497473984389515e-05,500,0.26282800945875684,0.3007200548450561,0.586
46,0.5,0.5,MLQ,69835.878,84115.878,55842.758,3.497473984389515e-05,299402,0.37389108680335104,0.4077566423565045,0.666
46,0.5,0.5,MLFQ,63071.034,77351.034,15.728,3.497473984389515e-05,1632,0.39808043715270547,0.4397670453124604,0.648
46,0.5,0.5,EDF,45453.042,59733.042,43133.042,3.497473984389515e-05,528,0.3781407232062381,0.5058184855893713,0.578
46,0.5,0.5,CFS,84322.866,98602.866,32.752,3.497473984389515e-05,1427722,0.49402399128629815,0.5693190601456563,0.808
46,0.7,0.7,FCFS,99913.344,114193.344,99913.344,4.889623114695792e-05,0,0.4057633230652158,0.42303692082611627,0.756
46,0.7,0.7,SJF,79793.344,94073.344,79793.344,4.889623114695792e-05,500,0.32800911295482393,0.4283919508934233,0.714
46,0.7,0.7,Round Robin,116789.744,131069.744,72.444,4.889623114695792e-05,714000,0.4965598708531875,0.6039033884432616,0.872
46,0.7,0.7,Priority,110753.344,125033.344,110753.344,4.889623114695792e-05,500,0.23649240524874487,0.24808622099806113,0.68
46,0.7,0.7,MLQ,105703.846,119983.846,89575.826,4.889623114695792e-05,299422,0.34850522836023706,0.36384541317252067,0.756
46,0.7,0.7,MLFQ,100091.472,114371.472,15.728,4.889623114695792e-05,1675,0.40604324767890027,0.4232140455999932,0.758
46,0.7,0.7,EDF,68432.868,82712.868,65792.868,4.889623114695792e-05,522,0.3970086647713916,0.47748486093641085,0.696
46,0.7,0.7,CFS,116823.772,131103.772,38.24,4.889623114695792e-05,1427780,0.4965675510168624,0.6038385896732408,0.872
46,0.9,0.9000000378151276,FCFS,169450.234,183730.234,169450.234,6.277887947735829e-05,0,0.543997702223975,0.5372026783319773,0.884
46,0.9,0.9000000378151276,SJF,84590.234,98870.234,84590.234,6.277887947735829e-05,500,0.3327710522764728,0.638506153163749,0.846
46,0.9,0.9000000378151276,Round Robin,178672.714,192952.714,117.634,6.277887947735829e-05,714000,0.5239021506037956,0.7130367239570663,0.954
46,0.9,0.9000000378151276,Priority,192430.234,206710.234,192430.234,6.277887947735829e-05,500,0.21851902685979235,0.21757503278690038,0.752
46,0.9,0.9000000378151276,MLQ,177354.462,191634.462,158211.022,6.277887947735829e-05,299451,0.4425252095414142,0.4376589710374748,0.84
46,0.9,0.9000000378151276,MLFQ,169740.922,184020.922,15.728,6.277887947735829e-05,1722,0.5442411418367493,0.5373739128995989,0.886
46,0.9,0.9000000378151276,EDF,127512.952,141792.952,126072.952,6.277887947735829e-05,514,0.5224563805171678,0.5575736634592487,0.874
46,0.9,0.9000000378151276,CFS,178727.582,193007.582,53.74,6.277887947735829e-05,1427842,0.5239289064094149,0.7129664119402068,0.954
46,1.2,1.2,FCFS,825099.42,839379.42,825099.42,6.994594717094524e-05,0,0.9148171496520247,0.8527138048650497,0.992
46,1.2,1.2,SJF,233459.42,247739.42,233459.42,6.994594717094524e-05,500,0.10283829649276519,0.43131866362476784,0.904
46,1.2,1.2,Round Robin,865373.3,879653.3,621.28,6.994594717094524e-05,714000,0.666528847202991,0.9227551331111101,0.998
46,1.2,1.2,Priority,1015879.42,1030159.42,1015879.42,6.994594717094524e-05,500,0.2779188788639587,0.2671966973639204,0.858
46,1.2,1.2,MLQ,917363.674,931643.674,894535.854,6.994594717094524e-05,299447,0.6517972699226602,0.6193563144187058,0.908
46,1.2,1.2,MLFQ,826519.356,840799.356,15.728,6.994594717094524e-05,1750,0.9150228860311309,0.8529017792327949,0.992
46,1.2,1.2,EDF,773430.98,787710.98,772950.98,6.994594717094524e-05,501,0.8679614369302261,0.8093781331473968,0.99
46,1.2,1.2,CFS,865595.464,879875.464,79.38,6.994594717094524e-05,1427910,0.6664687073232477,0.9228180488359239,0.998
46,2.0,2.0,FCFS,1953707.462,1967987.462,1953707.462,7.001794980161114e-05,0,0.8110481606321306,0.7556972288360921,0.992
46,2.0,2.0,SJF,895067.462,909347.462,895067.462,7.001794980161114e-05,500,0.3268981507081713,0.6504053429918173,0.996
46,2.0,2.0,Round Robin,2432413.122,2446693.122,1705.102,7.001794980161114e-05,714000,0.8099317714705067,0.8711761969936015,0.998
46,2.0,2.0,Priority,2206547.462,2220827.462,2206547.462,7.001794980161114e-05,500,0.5564216303890496,0.5282960059737809,0.916
46,2.0,2.0,MLQ,2168656.478,2182936.478,2133350.178,7.001794980161114e-05,299379,0.6563398588933571,0.6212691021435038,0.948
46,2.0,2.0,MLFQ,1957075.046,1971355.046,15.728,7.001794980161114e-05,1750,0.8117003031183876,0.7562929942252712,0.992
46,2.0,2.0,EDF,1876787.462,1891067.462,1876787.462,7.001794980161114e-05,500,0.7782091713282572,0.7241494580519917,0.996
46,2.0,2.0,CFS,2433307.5,2447587.5,171.866,7.001794980161114e-05,1427874,0.8101128768515187,0.871377593072611,0.998
46,5.0,5.0,FCFS,2975033.412,2989313.412,2975033.412,7.002801120448179e-05,0,0.7804260590862339,0.7269765946336464,0.992
46,5.0,5.0,SJF,1916393.412,1930673.412,1916393.412,7.002801120448179e-05,500,0.6503515180519217,0.7927902716224222,0.996
46,5.0,5.0,Round Robin,4038867.952,4053147.952,2469.712,7.002801120448179e-05,714000,0.9511747496868614,0.9333371795927514,1.0
46,5.0,5.0,Priority,3232393.412,3246673.412,3232393.412,7.002801120448179e-05,500,0.7188213066972912,0.6712310304567349,0.996
46,5.0,5.0,MLQ,3206377.152,3220657.152,2930879.032,7.002801120448179e-05,299330,0.7513305818003485,0.6921533116123469,1.0
46,5.0,5.0,MLFQ,2980148.196,2994428.196,15.728,7.002801120448179e-05,1751,0.7814667331058113,0.7279271472312062,0.992
46,5.0,5.0,EDF,2786919.872,2801199.872,2786859.872,7.002801120448179e-05,501,0.7392531677670151,0.687326111986394,0.998
46,5.0,5.0,CFS,4041015.976,4055295.976,218.196,7.002801120448179e-05,1427886,0.9515075155093802,0.9336072718502532,1.0
46,30.0,26.958859421252946,FCFS,3530191.35,3544471.35,3530191.35,7.002801120448179e-05,0,0.771074137427883,0.7181912021844368,0.994
46,30.0,26.958859421252946,SJF,2471551.35,2485831.35,2471551.35,7.002801120448179e-05,500,0.7103094478352338,0.7723770841942049,0.998
46,30.0,26.958859421252946,Round Robin,4979425.89,4993705.89,2487.65,7.002801120448179e-05,714000,0.9886614500667522,0.947510879427213,1.0
46,30.0,26.958859421252946,Priority,3769751.35,3784031.35,3769751.35,7.002801120448179e-05,500,0.7648688430482811,0.7109446094639221,0.998
46,30.0,26.958859421252946,MLQ,3862528.01,3876808.01,3303422.55,7.002801120448179e-05,299330,0.8166650031284224,0.7533696012250769,1.0
46,30.0,26.958859421252946,MLFQ,3536053.186,3550333.186,15.814,7.002801120448179e-05,1749,0.7722467001597099,0.7192662963926194,0.994
46,30.0,26.958859421252946,EDF,2929622.434,2943902.434,2929242.434,7.002801120448179e-05,501,0.7278174722894347,0.6860684017668778,0.998
46,30.0,26.958859421252946,CFS,4981315.93,4995595.93,281.298,7.002801120448179e-05,1427698,0.9887337849990491,0.9475145764289905,1.0
