run,rep,cpu,avg_waiting,avg_turnaround,avg_response,context_switches,wt_jain,slowdown_jain,miss_ratio,cpu_overshoot_pct
deadline,1,6,3024002.40192098,3039982.40192098,3023702.12270544,201,0.7094543317099282,0.6566314387434576,0.998,0.00015579999999317806
deadline,2,8,3029466.7712836005,3045446.7712836005,3029166.5050761392,201,0.7078433914013881,0.6555327929369184,0.998,0.00018790000000080907
deadline,3,10,3005011.4726706,3020991.4726706,3004711.20083562,201,0.7135439079434059,0.6622968508907483,0.998,0.00015380000000732254
eevdf-slice,1,6,5021262.45344524,5037242.45344524,1254.0948960599999,784011,0.9866087821472203,0.9432064472688924,1.0,0.0004992999999922176
eevdf-slice,2,8,5020771.282345739,5036751.282345739,1245.8240698199997,776968,0.9866061102336933,0.9432074631106343,1.0,0.0003700000000026193
eevdf-slice,3,10,5020745.89985792,5036725.89985792,1261.4777538,776956,0.9866056184025385,0.943207934507237,1.0,0.00015885000000707806
eevdf,1,6,5023871.466050359,5039851.466050359,3537.5964166399995,277936,0.9866860796675592,0.9431592935415122,1.0,0.00014110000000073342
eevdf,2,8,5024203.46110256,5040183.46110256,3513.1977578,284540,0.9866868695305187,0.943159072198474,1.0,0.0004339000000072701
eevdf,3,10,5023842.279099479,5039822.279099479,3544.4754937199996,277939,0.9866842842177964,0.9431589514000084,1.0,0.00025349999999889404
fifo-alone,1,6,3840219.04403782,3856199.04403782,3840218.1017475203,4293,0.7434863015113855,0.6861532347103116,0.994,0.002971099999995204
fifo-prio,1,6,4421202.11774268,4437182.11774268,4404318.769494181,3257,0.7778297518597506,0.7255412722414946,0.996,0.00014680000000225846
fifo-prio,2,8,4419900.58729152,4435880.58729152,4403018.361387539,543,0.7773975544745525,0.7249941566629374,0.996,0.00022890000000188592
fifo-prio,3,10,4422372.71835126,4438352.71835126,4405490.32232372,542,0.7779547222987772,0.7256562555121576,0.996,0.00016579999999521533
fifo,1,6,3840481.87955296,3856461.87955296,3840479.5026543797,4709,0.7434827556679634,0.6861498643061186,0.994,0.00023080000000845756
fifo,2,8,3848910.33622114,3864890.33622114,3848909.60412066,585,0.7434571425281549,0.6858480185359455,0.994,0.00024390000000494184
fifo,3,10,3843260.79804634,3859240.79804634,3843260.0713930796,569,0.7432208371238617,0.68567556734567,0.994,0.00018679999999221764
rr-q1000ms,1,6,5341937.14655356,5357917.14655356,2410472.2609199,1193,0.9756321909442083,0.9211973201582602,1.0,0.00014470000000073923
rr-q1000ms,2,8,5370785.22016814,5386765.22016814,2405604.68458738,1166,0.9779284135320803,0.9236840329289429,1.0,0.014370674999991026
rr-q1000ms,3,10,5328150.30319972,5344130.30319972,2407713.25294856,3173,0.9749390495659113,0.920860122197667,1.0,0.9681687500000045
rr-q100ms,1,6,5053708.98292552,5069688.98292552,249850.36684383996,8501,0.9860736399901354,0.941562366557464,1.0,0.001337100000000646
rr-q100ms,2,8,5047218.82494718,5063198.82494718,251846.43004732,8311,0.985786222843006,0.9415284466938715,1.0,0.0014002000000073167
rr-q100ms,3,10,5056926.0859137,5072906.0859137,251009.50107363999,9878,0.9861891351385743,0.9415244121355729,1.0,0.0006176000000050407
rr-q10ms,1,6,5021340.15350622,5037320.15350622,24898.34584786,78968,0.9864946841837374,0.9430998835170646,1.0,0.0013149999999950523
rr-q10ms,2,8,5019619.692676799,5035599.692676799,24897.62224008,78224,0.9864513080033502,0.9431199369807409,1.0,0.0008741999999983818
rr-q10ms,3,10,5022977.59372072,5038957.59372072,24895.901142240004,79642,0.9865453283162965,0.9430856769489803,1.0,0.0009476999999969848
rr-q1100ms,1,6,3072110.719679,3088090.719679,2439168.43391234,852,0.7261743546807544,0.7625524082116357,0.998,0.00029710000000704895
rr-q1100ms,2,8,3071187.33256596,3087167.33256596,2440637.5995009798,2412,0.7262337024547476,0.7626380541539253,0.998,0.00030600000000049473
rr-q1100ms,3,10,3070332.69481836,3086312.69481836,2438771.024697,906,0.7260181755070765,0.7627099152418794,0.998,0.00013779999999314897
rr-q1ms,1,6,5020866.16320018,5036846.16320018,2589.2068868,777616,0.9865934334211774,0.9431963101432046,1.0,0.001028600000008737
rr-q1ms,2,8,5020495.47250844,5036475.47250844,2589.93406336,777083,0.9865907499825706,0.9431962531366784,1.0,0.0007068000000072061
rr-q1ms,3,10,5020551.72391522,5036531.72391522,2592.16993524,777084,0.9865914820281297,0.9431948546411226,1.0,0.0007013999999981025
rr-q20ms,1,6,5025636.98883074,5041616.98883074,49951.517323700005,40584,0.9864775840021349,0.9429291638035523,1.0,0.0012740999999914493
rr-q20ms,2,8,5019873.92436812,5035853.92436812,49794.86120926,39514,0.9863156140797671,0.9430001514341074,1.0,0.0009851999999955297
rr-q20ms,3,10,5021203.561887399,5037183.561887399,49819.4655144,39481,0.9863468008580484,0.9429625717599598,1.0,0.000795799999996234
rr-q2ms,1,6,5019664.72802676,5035644.72802676,4980.74206626,389310,0.9865559494148533,0.943196977952541,1.0,0.000781700000006822
rr-q2ms,2,8,5019986.49401972,5035966.49401972,5046.55745994,388991,0.9865673651227505,0.9431921691002527,1.0,0.0010979000000043014
rr-q2ms,3,10,5020459.66534648,5036439.66534648,5028.90473886,390001,0.9865745660081745,0.9431875840012104,1.0,0.001072600000006787
rr-q50ms,1,6,5032492.551905541,5048472.551905541,124472.0716099,15879,0.9861580283348323,0.9423798878100844,1.0,0.0009994000000006053
rr-q50ms,2,8,5038727.04714792,5054707.04714792,124678.08836348,17596,0.9863918778082966,0.942367582319044,1.0,0.02937470000000758
rr-q50ms,3,10,5031638.36992962,5047618.36992962,124468.12222333997,15833,0.9861788732889558,0.9424467047851852,1.0,0.0010966999999982364
rr-q5ms,1,6,5019359.268901621,5035339.268901621,12467.50299278,156031,0.9865064564547528,0.9431727649942141,1.0,0.0011141999999927067
rr-q5ms,2,8,5019482.61253116,5035462.61253116,12473.866933899999,155652,0.9865160037756013,0.9431755734012001,1.0,0.0009326999999939289
rr-q5ms,3,10,5019797.0327871395,5035777.0327871395,12506.264556359998,156623,0.9865168762726628,0.9431652820736237,1.0,0.001164100000005419
