Arrival_Time,Burst_Time,Priority,Deadline
0,10000,0,26609.34072833945
1560,40000,200,87892.70638512315
1950,10000,360,29828.96879867074
1950,10000,360,27410.520435890456
1950,10000,360,18362.660218314744
1950,10000,360,31584.33527455134
1950,10000,360,28367.095529855294
1950,10000,360,28740.964579154308
1950,10000,360,18871.70449013319
1950,10000,360,23705.789068433503
1950,10000,360,22511.97036348872
2010,10000,360,30911.47483272903
2050,10000,0,26707.97680120997
2931,10000,115,30272.42419906245
2970,240000,200,522599.1115778391
3060,10000,0,21468.580826771653
4800,10000,200,28118.77180523752
5791,10000,0,21748.25884156263
5904,10000,360,33318.46757988873
6630,20000,0,55579.931973661936
6630,20000,0,59372.63220256121
6630,20000,0,47265.77904389605
6750,10000,103,36310.47036592355
6750,10000,103,35146.816819832966
6899,10000,360,33574.75245610643
7020,10000,103,24939.580617779513
7020,10000,103,29020.81505590551
7020,10000,103,22677.056486808433
7020,10000,103,24334.342381013215
7500,30000,103,83237.20289591045
7883,10000,0,34054.43233861726
7883,10000,0,37395.645986513155
7883,10000,0,27770.38037207228
7883,10000,0,28439.895590523032
7883,10000,0,29926.337169137118
7883,10000,0,25725.070386264288
7883,10000,0,24831.822580032076
7883,10000,0,30018.573893389006
7883,10000,0,26286.64023576326
7883,10000,0,32930.209920237656
7883,10000,0,29440.27878308496
7883,10000,0,35373.17294086756
7883,10000,0,33386.97653003373
7883,10000,0,27568.499620730614
7920,10000,360,35403.897020928016
8340,10000,360,35411.46536245203
8340,10000,360,29152.175685452617
8340,10000,360,27664.92155895366
8550,40000,200,109499.73023849854
8670,10000,103,25766.28725413965
9060,10000,117,27058.623037126625
9150,10000,360,24260.43404626508
9150,10000,360,35953.86566253207
9150,10000,360,34122.76284888048
9150,10000,360,34727.48067939503
9918,10000,360,36628.935465329516
10560,20000,117,54327.47326615019
10560,10000,360,34091.11793929341
10950,10000,0,28046.95497191486
10950,10000,0,27667.951103039602
10950,10000,0,35976.04442685707
10950,10000,0,33016.44309214699
10950,10000,0,34428.54159721783
10950,10000,0,37424.98286124038
10950,10000,0,35470.77480000886
10950,10000,0,34253.691009869945
10950,10000,0,34338.107411181205
10950,10000,0,30509.251470939183
11070,10000,200,26532.26751851909
11100,10000,114,32650.760838485436
11400,10000,116,29618.770092292936
11400,10000,116,32527.929655869542
11400,10000,116,39201.0460990225
14430,50000,103,106975.46143990055
15480,10000,117,31354.541125335993
16380,20000,360,54821.51676065989
16620,30000,103,74831.71909950077
16680,10000,103,41608.747720903426
17282,40000,360,110703.9291404767
17700,80000,360,231767.7850927696
17760,10000,103,42724.70310491081
18420,10000,103,39515.80292160106
18839,20000,103,73259.61153998104
18870,10000,0,36374.59379861556
18990,10000,360,34330.68109700791
19260,10000,360,35610.71791163462
20490,10000,200,46325.390258946754
21060,50000,103,130700.79226885406
21060,50000,103,108155.38342752014
21580,10000,360,44095.67162655045
22590,10000,200,39874.68154069752
22890,10000,200,48334.80562616604
22980,10000,360,44672.34413361046
24630,30000,200,86775.95517434171
24630,30000,200,83198.04401165445
24649,10000,25,49103.238896783325
24900,10000,200,45327.189158300855
26302,10000,360,42616.74878974151
27000,10000,103,43770.088531807734
27720,10000,115,57148.46496824272
27720,20000,117,84977.4207212282
27917,10000,103,53412.60700716124
28960,10000,105,47948.04942189279
28960,10000,105,58497.64566021586
29040,10000,103,55721.26355948692
29970,10000,0,55723.35283738494
30880,10000,200,52620.42253215683
30880,10000,200,49963.62342767739
33570,10000,0,50015.86443230249
33570,10000,0,62109.03594815763
33750,10000,117,55586.64434750416
33750,10000,117,51785.45047192845
33750,10000,117,53339.34936225979
34414,10000,360,58102.29353412843
36630,10000,200,54281.59174408848
38670,10000,103,66519.21426138564
40260,10000,103,66637.79294752816
40582,10000,200,66373.94433926405
40650,10000,117,62131.39559662655
40860,20000,360,89679.26522107329
42030,30000,200,113314.4086010731
43470,30000,116,117713.0970699669
43470,30000,116,92269.994451295
43470,30000,116,107181.33309767742
44070,10000,0,59694.21260792839
44790,10000,103,67199.86228866779
45870,10000,200,65817.91818499178
46682,10000,0,63849.86283299071
48960,10000,200,65511.04451583827
48960,10000,200,72774.66858266568
48960,10000,200,66518.8945280533
49980,10000,103,78856.80177565195
49980,10000,103,73695.91709550592
50061,10000,360,70264.04706802256
51180,10000,200,75043.73237222125
52920,10000,105,68262.05806544547
52920,10000,105,82298.38819862169
53490,30000,360,120193.6546624305
54150,10000,105,80891.0284087543
54150,10000,105,70390.94999883659
54150,10000,105,76449.8749625724
54150,10000,105,76510.60491531782
55380,10000,360,84447.39682462474
56250,10000,103,79825.92078564112
56490,10000,200,78592.3410158543
56490,10000,200,75494.6349463784
56490,10000,200,76463.53496013828
56624,10000,103,79434.08603707307
56624,10000,103,78207.67190457569
56624,10000,103,71948.18119820495
57330,10000,103,84724.37886291537
57967,10000,105,86409.4115775965
57967,10000,105,75070.73633497916
58470,20000,360,105091.08430617148
58471,10000,117,75099.63611703165
58680,20000,103,108847.20279119434
59252,10000,200,78470.50675758513
60483,10000,360,85374.33952037853
61350,10000,103,87254.91921430324
61980,10000,103,88509.71237876486
62220,10000,103,78836.11418933845
62727,10000,360,91467.17767706412
63900,20000,119,100806.41972684642
63973,10000,103,79534.1883426427
63977,10000,25,87299.78704087225
65384,10000,0,85947.83425793659
66210,10000,105,93656.8461469862
67162,10000,360,94285.77208096453
67949,10000,107,87706.08339234073
68190,20000,103,126776.98185209234
69780,10000,200,89143.76757210179
70192,10000,103,92917.85693847571
70192,10000,103,89031.47635851405
70192,10000,103,99232.65355073445
70192,10000,103,87661.11726373027
70192,10000,103,85865.65929088494
70485,10000,360,92011.45590004558
71220,10000,105,101105.63346083756
72270,10000,103,100645.15899382372
72927,10000,360,99156.12029185424
76158,10000,200,104519.88736317787
76800,10000,103,105201.69959546794
77850,10000,103,100632.87540579675
78570,10000,103,98308.9357774619
79950,10000,103,106530.18648166482
79950,10000,103,104874.91894751642
80231,10000,107,100835.86593310566
80670,30000,360,129921.00006276819
81031,10000,200,107232.84417023539
81031,10000,200,99967.90773884297
82440,10000,103,111492.1972580067
83459,10000,0,102073.55862508528
83459,10000,0,100300.3689861723
83459,10000,0,110925.69008187359
83459,10000,0,100758.26474936742
83610,10000,200,101299.0246223661
83610,10000,200,107600.74187281265
83970,10000,0,112088.43061256196
88069,10000,115,106015.5199857186
91020,30000,360,149984.56528050426
91020,30000,360,171003.217720853
93210,20000,101,152364.79278182902
93948,10000,360,116459.11779303514
94260,10000,117,111418.46253826877
94560,10000,200,109769.04431562302
94560,10000,200,113004.84044998283
94560,10000,200,111537.33326679782
94560,10000,200,119724.88010419285
95220,10000,116,112047.48756942796
96330,10000,103,118924.94897430949
97950,10000,103,123363.9365346433
97950,10000,103,121666.74913831353
98820,30000,200,152809.9043247026
100230,100000,200,370848.6789273394
100230,100000,200,357541.0694423702
100230,100000,200,361077.6005873312
100230,100000,200,269888.662733597
100618,20000,107,134330.61410951032
101970,10000,103,130883.43826509762
101970,10000,103,122933.6729073741
102660,40000,200,180716.9215068564
104528,10000,360,126856.760680273
104528,10000,360,129470.96319145373
105070,10000,360,134404.34885570453
107190,40000,360,184376.77361292328
107190,40000,360,222678.5057587216
107190,40000,360,168681.56948317538
107190,40000,360,200501.8825396095
107533,10000,115,132042.62667521628
107554,10000,103,124142.4610562613
107554,10000,103,124659.0939559587
107554,10000,103,128840.71478974455
107568,10000,107,137061.47868214772
107568,10000,107,131508.63829851558
107604,10000,0,136599.34832400316
107604,10000,0,134669.41373419456
107604,10000,0,129614.72402332937
107604,10000,0,134375.4517387828
108750,10000,116,124017.55175965482
108840,20000,360,142114.31990297206
111480,20000,360,166362.8584464821
113850,10000,103,140802.25632487744
113850,10000,103,132339.6111294965
113850,10000,103,136811.5438589858
116880,10000,360,140970.23731050018
116910,10000,107,144926.08430664017
116910,10000,107,140956.60736008087
116979,10000,0,138167.57353910521
117526,10000,101,138138.76065110773
125610,40000,103,211162.9251824106
126240,10000,0,151018.96538369963
126240,10000,0,154252.35947628488
126240,10000,0,148048.4532311445
126630,10000,105,145347.59344427037
127230,10000,103,145779.93544496372
127230,10000,103,153420.2142036517
127710,60000,360,291201.1887081519
128130,20000,360,161288.34239562374
128625,90000,360,272610.4456889491
130080,10000,200,153996.50495634676
131940,10000,360,149132.59866289046
132390,10000,360,159759.96285684512
132841,10000,0,152496.02010886112
132841,10000,0,149999.07899456713
133650,10000,105,162464.55708731175
133650,10000,105,151132.97584102917
133650,10000,105,152920.80123506903
133650,10000,105,150954.20092788088
133650,10000,105,150382.35095498033
133650,10000,105,148967.2202450466
133650,10000,105,149480.9311374639
133710,30000,200,186568.86619211338
133710,30000,200,181112.1869682229
135215,10000,360,159082.15724166456
135215,10000,360,160425.7179019926
135510,60000,103,260936.74111488252
137070,20000,360,176609.73290856148
138990,10000,116,161557.89355533346
139530,10000,103,167655.07413351914
139726,10000,103,167492.9744023331
140018,10000,360,155670.1259301919
140018,10000,360,157740.47614394786
140018,10000,360,158569.17306656594
140018,10000,360,158758.81363748317
140018,10000,360,163586.4897761416
140018,10000,360,161261.9363855479
141450,10000,0,157188.8117989139
144090,10000,105,164694.21207689357
144090,10000,105,166946.29423076456
144090,10000,105,160615.07854355575
144090,10000,105,171591.87830682838
144090,10000,105,159869.42799697656
144090,10000,105,172962.62803527093
144090,10000,105,160576.69712369813
144090,10000,105,171743.6242739663
144090,10000,105,172629.79715891427
144090,10000,105,173783.56020879888
144090,10000,105,171120.38820410392
144090,10000,105,170782.16311156994
144090,10000,105,168727.2491399332
144090,10000,105,170774.94531867193
144090,10000,105,161108.2831261972
144090,10000,105,167131.02053921457
144090,10000,105,166803.34305285622
144090,10000,105,171953.58216183836
144090,10000,105,166031.99048390274
144090,10000,105,164866.3424415053
145050,10000,205,169643.44906855666
145470,10000,103,164466.9497625127
145734,10000,103,162830.52616430935
145734,10000,103,167902.15911035618
146910,40000,360,231923.3621156931
146910,40000,360,220864.19643173242
146910,40000,360,228960.7086069077
146910,40000,360,228893.54698957485
148680,10000,103,168592.43346618817
148768,20000,105,190151.92239180786
149820,10000,103,175106.15018183918
149820,10000,103,169273.1471185693
149820,10000,103,179052.8689007301
149820,10000,103,178565.22029307266
149924,10000,105,172137.65642450118
152730,20000,360,192580.83615014068
153124,20000,103,199187.04369490012
155250,40000,200,266163.62932641746
155670,10000,0,180458.81010840152
155901,10000,0,182966.87741920617
157050,20000,103,203031.6682819722
157277,10000,360,181770.7644390143
157277,10000,360,176599.33421273693
157410,10000,103,183433.39743465435
157410,10000,103,175446.0688968858
157410,10000,103,182831.97193227746
157410,10000,103,185320.78602488842
157410,10000,103,174391.54255952316
157410,10000,103,181625.6961081288
157410,10000,103,173836.436223449
157410,10000,103,183295.73442407142
161730,10000,200,177997.3982823528
162630,20000,103,220708.19468101877
163380,10000,0,180441.11895056703
164843,10000,360,194226.20368863622
164843,10000,360,191856.26264127647
166230,20000,215,214040.46013399062
168060,10000,0,194799.3615694432
170024,10000,103,196950.72258474628
170370,10000,103,199560.40594225994
170370,10000,103,189170.75030758782
171394,10000,103,195245.13843037465
171660,10000,200,188085.73796346603
171860,10000,103,196102.48550036183
172167,10000,103,189736.36956139182
172612,10000,360,196086.25917208663
172896,10000,103,196482.45771050773
173990,10000,103,195979.7772947184
175640,10000,103,198479.47663269684
177780,10000,200,204238.85085009882
177780,10000,200,204768.670747681
178860,10000,200,201242.29823363145
179880,10000,200,203873.90162283918
180000,10000,117,208968.54353535152
180000,10000,117,196796.00382751683
180060,10000,103,196816.55348850167
180630,10000,103,196945.63517866153
180630,10000,103,205497.9492756079
180630,10000,103,201909.12451185568
180630,10000,103,207244.82124212765
180630,10000,103,205698.4711996289
180630,10000,103,200634.56637492357
180630,10000,103,209105.49821042304
181658,10000,0,208095.9822060598
182760,30000,0,239934.0723409579
182914,10000,0,203376.88026658082
183126,10000,0,202842.59970306396
183981,10000,103,201345.174729375
184320,20000,103,218753.50117626574
185316,20000,0,243399.82390127232
185316,20000,0,228453.1211159626
188040,20000,360,229539.5946833223
190195,10000,0,216140.28563016068
190620,10000,103,213914.8959787935
190620,10000,103,219662.09980257694
191100,500000,118,1526326.1204320441
193770,10000,200,215960.5434618681
193770,10000,200,214415.39210221238
193770,10000,200,223569.47317386483
193770,10000,200,219536.40354005466
193770,10000,200,223037.9199000576
193770,10000,200,210547.1786582556
194346,10000,0,222104.00518786174
194370,10000,0,218926.1082598681
197340,10000,0,214168.8251750267
197340,10000,0,221163.86999953832
197340,10000,0,222631.44547658172
197340,10000,0,212524.54028832904
197340,10000,0,219154.7694276262
197340,10000,0,224720.9926679448
197340,10000,0,216770.38538016134
197340,10000,0,219218.22122697826
197340,10000,0,218974.7119060184
197340,10000,0,216868.91087163737
197340,10000,0,226116.6284327333
197340,10000,0,224059.41053147273
197340,10000,0,213998.82616494165
202290,10000,103,232245.5198675636
202290,10000,103,230478.0003646162
202290,10000,103,221548.62656796057
209490,20000,103,264596.89738982817
209490,20000,103,242682.58595614147
209490,20000,103,269463.14191422716
209970,10000,117,234955.27104159805
210090,10000,0,234841.87523338196
210420,10000,103,226776.610904762
212850,10000,200,241305.50098344937
212850,10000,200,228284.99254806704
213630,10000,103,232242.4208706172
213870,20000,118,248160.65625499905
213870,20000,118,267173.0382207666
214590,280000,118,717835.7754294171
214629,10000,0,243288.5734069633
215140,10000,0,239984.03558991235
215175,40000,103,277344.7626296818
215490,10000,0,230571.4475119305
216146,10000,103,231920.86875521598
217980,30000,0,290246.6329941477
218700,10000,103,245722.22716289124
218700,10000,103,237278.2923094108
219510,30000,103,302733.3979315383
221280,10000,200,237138.4791022989
221280,10000,200,248294.45780462516
223950,30000,200,310700.7943577526
224280,10000,0,250861.62598656572
224280,10000,0,249751.81175967955
224280,10000,0,251849.70327983075
224280,10000,0,239882.269493206
224280,10000,0,242306.73166078582
224280,10000,0,241153.85518958466
224280,10000,0,246847.9648528948
224280,10000,0,250457.82192493268
224280,10000,0,248730.17766864598
228262,10000,200,256028.96649642903
228262,10000,200,245590.19488661637
228262,10000,200,254281.31637902744
228262,10000,200,246157.62236303356
228262,10000,200,247323.381269767
228262,10000,200,253910.57045921957
228262,10000,200,257965.07177348022
228262,10000,200,252435.15408965605
228262,10000,200,244079.50472486945
228262,10000,200,252506.634548913
228262,10000,200,243897.2582737025
228450,10000,103,256712.18567050225
231061,10000,103,256704.67427650932
232492,10000,105,250088.91769633754
234830,10000,118,251205.81508736298
234830,10000,118,252582.99843320478
234830,10000,118,264530.4076933129
234830,10000,118,256708.40963687736
234830,10000,118,261591.21422512113
234830,10000,118,259376.12513161666
234830,10000,118,258416.19724937956
234830,10000,118,252006.95381997575
234930,10000,205,264120.3668033714
235185,10000,117,254705.13948772076
235185,10000,117,258855.25823711313
235823,10000,103,261319.639168836
235823,10000,103,260561.49732867963
235823,10000,103,264931.9161454328
238290,30000,200,289969.7545464026
241680,10000,103,264305.2910767041
241680,10000,103,262740.51586111146
242310,20000,200,286535.06188447855
242501,10000,103,259289.26289296616
242501,10000,103,259512.4191480915
243810,10000,103,262981.13318671886
245070,10000,103,264640.5690564125
245070,10000,103,266488.54820522026
245872,10000,360,270036.81320554944
246389,10000,105,270908.43676127394
246389,10000,105,267566.16344878357
246389,10000,105,267520.7466414305
246389,10000,105,264653.42790045444
246389,10000,105,270213.59372613515
246900,20000,360,286411.22733951715
247530,10000,0,263070.89751416043
247604,10000,0,268880.0006623529
247604,10000,0,269715.9901263525
248970,10000,0,267353.89302306314
252090,10000,0,275676.86899683176
253980,10000,200,277466.5785064788
253980,10000,200,279510.0327166556
253980,10000,200,278699.22723301814
253980,10000,200,278766.4958478155
255129,10000,0,274872.21227736067
255210,10000,200,282021.4833297893
255360,30000,360,325071.49726198555
255960,10000,25,277431.27292769833
257670,50000,103,379620.9360705793
265350,20000,116,306169.7200335076
265980,10000,103,288671.08866910136
