job,arrival_units,burst_units,borg_priority,rel_deadline_units,rt_priority,release_ns,start_ns,finish_ns,cpu_ns,nvcsw,nivcsw
0,0,10000,0,26609.341,1,0,40830,8454410324,1000001129,0,305
1,1560,40000,200,86332.706,2,156000000,156021736,13000710813,4000001095,0,369
2,1950,10000,360,27878.969,3,195000000,218449320,10021329751,1000000951,0,357
3,1950,10000,360,25460.520,3,195000000,198845681,10020963335,1000000896,0,358
4,1950,10000,360,16412.660,3,195000000,201645389,10020209214,1000001138,0,357
5,1950,10000,360,29634.335,3,195000000,204446300,10022395415,1000000702,0,359
6,1950,10000,360,26417.096,3,195000000,207246800,10022047153,1000000681,0,359
7,1950,10000,360,26790.965,3,195000000,210047831,10021687641,1000000913,0,358
8,1950,10000,360,16921.704,3,195000000,212848050,10022749167,1000001145,0,357
9,1950,10000,360,21755.789,3,195000000,215648179,10020593113,1000000882,0,357
